last_name, first_name, date_of_birth, email
Ann, Mary, 1975/06/16, mary.ann@foobar.com
Nuc, Walt, 1982/06/16, walt.nuc@foobar.com
Doe, John, 1988/10/08, john.doe@foobar.com
Ron, Roby, 1990/06/16, roby.ron@foobar.com
Mac, Mark, 2000/11/09, mark.mak@foobar.com
Jam, Jami, 2001/06/16, jami.jam@foobar.com
